Name,Age,Salary,Performance,Rating
Vikas Verma,39,137581,Poor,5
Vivek Patel,29,123421,Average,3
Anjali Kumar,42,142630,Poor,1
Karan Chopra,55,25570,Poor,5
Arjun Reddy,21,90138,Average,5
Sanjay Verma,26,75091,Below Average,3
Arjun Chopra,44,87607,Good,3
Simran Gupta,26,127293,Average,1
Vivek Agarwal,40,120131,Good,5
Simran Singh,21,73592,Average,1
Karan Jain,36,81162,Average,5
Vikas Reddy,38,63603,Below Average,4
Vikas Jain,34,122292,Average,2
Amit Nair,32,143988,Poor,2
Amit Patel,34,102527,Good,3
Simran Reddy,58,38412,Below Average,2
Ravi Gupta,55,90789,Poor,4
Pooja Yadav,37,32235,Good,1
Ravi Sharma,53,143888,Good,2
Deepa Mehta,25,33548,Excellent,5
Amit Singh,59,63848,Average,3
Karan Bose,36,81242,Poor,5
Anjali Das,51,40605,Average,1
Deepa Agarwal,30,138474,Poor,4
Ravi Yadav,53,94749,Good,1
Simran Agarwal,22,26118,Poor,1
Amit Reddy,36,97328,Poor,3
Deepa Bose,30,35151,Below Average,5
Karan Nair,49,66092,Excellent,2
Priya Jain,57,149428,Excellent,4
Vikas Verma,54,80009,Poor,4
Ravi Jain,54,138875,Average,5
Ravi Mehta,28,57233,Good,5
Amit Yadav,40,89651,Below Average,4
Vikas Das,59,134100,Excellent,1
Rahul Singh,38,63032,Good,4
Arjun Kumar,36,28165,Excellent,5
Karan Kumar,59,64003,Poor,2
Karan Singh,49,128639,Good,4
Sneha Chopra,36,143243,Excellent,3
Vivek Sharma,29,55638,Average,2
Pooja Patel,48,142003,Average,3
Karan Jain,58,49604,Average,1
Karan Nair,48,131892,Good,3
Ravi Chopra,51,68476,Average,1
Sanjay Mehta,21,30737,Below Average,2
Amit Sharma,23,33560,Average,3
Anjali Gupta,30,71909,Excellent,2
Rahul Mehta,28,31634,Poor,1
Arjun Singh,23,82834,Poor,4
Arjun Singh,39,111238,Good,3
Rahul Agarwal,24,53367,Good,1
Pooja Verma,58,83580,Average,3
Sneha Bose,34,30612,Poor,2
Amit Yadav,57,139246,Below Average,5
Amit Sharma,53,31734,Excellent,5
Vikas Jain,38,118867,Poor,4
Neha Das,42,103462,Below Average,3
Deepa Singh,41,38951,Good,1
Deepa Singh,54,104712,Excellent,5
Deepa Das,60,63553,Excellent,2
Ravi Jain,59,135349,Average,5
Sneha Jain,44,96032,Excellent,2
Vivek Verma,56,55665,Excellent,2
Sanjay Patel,48,33199,Excellent,5
Anjali Jain,47,53510,Excellent,4
Neha Agarwal,56,114112,Excellent,5
Vivek Bose,36,114790,Below Average,4
Vikas Mehta,50,120819,Good,3
Arjun Sharma,56,67568,Poor,5
Sanjay Bose,27,136737,Below Average,3
Amit Reddy,40,82722,Excellent,2
Vivek Sharma,51,95437,Poor,5
Vivek Chopra,25,59090,Poor,4
Arjun Bose,23,60288,Excellent,5
Ravi Bose,51,73497,Excellent,2
Amit Jain,22,142400,Below Average,3
Ravi Kumar,42,27472,Average,2
Deepa Das,28,50852,Excellent,4
Deepa Singh,47,98144,Average,5
Anjali Mehta,46,129239,Average,1
Amit Sharma,22,109140,Good,3
Pooja Kumar,47,33354,Excellent,2
Arjun Sharma,34,44095,Below Average,2
Neha Nair,60,60256,Average,4
Ravi Verma,37,106347,Average,4
Ravi Mehta,29,135068,Excellent,4
Amit Jain,42,105563,Below Average,1
Anjali Das,35,55912,Below Average,3
Neha Gupta,33,118030,Poor,1
Amit Reddy,35,60611,Excellent,4
Arjun Singh,21,130741,Good,5
Ravi Gupta,58,76160,Poor,2
Priya Jain,46,60808,Excellent,3
Vivek Singh,30,72393,Good,1
Ravi Chopra,45,111065,Average,2
Deepa Singh,54,65829,Excellent,3
Pooja Kumar,35,52793,Good,3
Simran Bose,43,37498,Below Average,3
Rahul Verma,59,65362,Poor,4
Simran Sharma,34,86303,Below Average,1
Ravi Reddy,28,109515,Excellent,1
Sneha Gupta,58,71626,Below Average,5
Arjun Gupta,29,65552,Below Average,5
Sanjay Agarwal,58,71691,Average,3
Sneha Sharma,34,63745,Excellent,5
Rahul Singh,57,61649,Below Average,2
Pooja Reddy,36,55381,Excellent,5
Sneha Verma,59,111512,Average,2
Anjali Agarwal,53,97814,Excellent,1
Vikas Verma,34,126228,Average,5
Vikas Patel,51,123768,Below Average,5
Anjali Chopra,39,38296,Excellent,5
Amit Nair,48,145233,Below Average,3
Sanjay Agarwal,28,59467,Excellent,2
Sanjay Patel,27,126709,Poor,1
Vikas Bose,59,77003,Excellent,3
Sanjay Jain,49,41542,Average,2
Anjali Mehta,33,63601,Average,4
Sneha Agarwal,55,111567,Below Average,3
Vivek Das,59,79464,Below Average,4
Sanjay Gupta,31,119465,Excellent,3
Pooja Bose,49,145349,Below Average,3
Amit Nair,52,107155,Excellent,2
Amit Chopra,40,144012,Average,1
Amit Nair,47,131776,Average,3
Simran Gupta,57,67500,Excellent,3
Ravi Gupta,36,135792,Below Average,2
Anjali Yadav,47,82289,Poor,1
Arjun Reddy,57,47611,Excellent,1
Amit Reddy,26,90054,Poor,5
Neha Mehta,44,67076,Excellent,2
Deepa Patel,28,125938,Average,5
Anjali Gupta,43,112966,Below Average,2
Karan Yadav,44,52679,Poor,1
Vikas Singh,55,113276,Excellent,2
Rahul Kumar,37,63089,Good,5
Amit Singh,49,89103,Average,4
Pooja Verma,54,79742,Poor,3
Anjali Mehta,56,56479,Poor,3
Sanjay Agarwal,32,129231,Good,4
Vivek Sharma,48,79001,Average,4
Neha Mehta,60,55653,Good,4
Vivek Jain,59,112199,Average,3
Ravi Bose,30,116360,Excellent,1
Amit Sharma,39,42339,Below Average,4
Arjun Gupta,50,129663,Poor,1
Pooja Patel,43,129537,Average,3
Deepa Agarwal,55,144292,Average,3
Simran Agarwal,41,103822,Good,5
Arjun Gupta,24,53711,Average,2
Sneha Chopra,60,94108,Good,2
Sneha Singh,42,142339,Poor,3
Vivek Bose,29,31851,Poor,1
Pooja Reddy,56,61189,Average,1
Deepa Kumar,50,75264,Below Average,5
Vikas Reddy,35,147246,Poor,4
Deepa Reddy,52,69723,Poor,2
Sanjay Bose,52,85194,Below Average,1
Anjali Kumar,49,113142,Poor,1
Rahul Nair,60,35899,Excellent,4
Amit Gupta,37,122647,Excellent,3
Amit Das,35,82760,Good,5
Pooja Sharma,37,62226,Below Average,4
Sanjay Reddy,48,128620,Below Average,2
Sanjay Das,41,136390,Good,4
Karan Agarwal,48,110401,Good,5
Pooja Jain,45,83373,Good,1
Arjun Kumar,52,68216,Poor,4
Karan Agarwal,28,53244,Excellent,4
Ravi Jain,38,105017,Below Average,2
Deepa Chopra,39,29849,Average,5
Deepa Chopra,50,53901,Below Average,3
Rahul Verma,60,71641,Poor,4
Simran Patel,54,69247,Excellent,3
Neha Nair,37,101917,Poor,4
Karan Chopra,27,98545,Good,4
Vikas Yadav,33,27200,Average,1
Priya Singh,31,50509,Good,3
Rahul Mehta,34,63830,Poor,3
Priya Chopra,24,94912,Below Average,1
Rahul Agarwal,26,33147,Excellent,1
Karan Mehta,45,55595,Excellent,5
Rahul Yadav,37,107816,Good,2
Arjun Patel,32,113718,Below Average,1
Anjali Gupta,48,26851,Below Average,2
Pooja Reddy,45,34265,Below Average,1
Karan Agarwal,38,79134,Below Average,2
Sneha Patel,51,109437,Excellent,3
Vivek Reddy,39,42840,Average,1
Karan Sharma,58,130269,Good,5
Sneha Gupta,30,99296,Excellent,2
Anjali Yadav,37,120880,Below Average,3
Arjun Kumar,35,54561,Excellent,2
Sneha Jain,47,99555,Excellent,1
Sneha Singh,54,134118,Poor,4
Priya Agarwal,26,118506,Good,1
Priya Mehta,30,83374,Poor,1
Anjali Bose,26,76835,Below Average,2
Ravi Mehta,47,133639,Below Average,2
Anjali Reddy,31,148330,Good,1
Amit Verma,37,116461,Poor,2
Deepa Nair,34,116992,Poor,3
Ravi Reddy,23,115366,Average,2
Karan Gupta,31,55954,Below Average,2
Rahul Patel,22,78534,Average,3
Vikas Gupta,25,141399,Good,4
Karan Patel,50,101018,Good,5
Pooja Patel,29,55309,Average,1
Vikas Mehta,33,120419,Average,4
Vivek Chopra,54,25103,Average,5
Arjun Yadav,45,142990,Good,1
Ravi Bose,52,109842,Below Average,1
Sanjay Patel,33,104046,Poor,1
Sneha Yadav,58,40602,Excellent,2
Arjun Gupta,57,113123,Average,5
Karan Singh,46,42324,Poor,2
Sanjay Jain,38,26154,Excellent,2
Priya Nair,33,96971,Poor,1
Sneha Verma,37,83214,Below Average,2
Vikas Singh,57,34528,Good,5
Anjali Patel,53,74837,Good,5
Amit Das,26,90540,Excellent,3
Rahul Gupta,40,126762,Poor,1
Rahul Bose,24,59457,Average,1
Rahul Nair,28,142733,Good,3
Sanjay Agarwal,23,57221,Below Average,2
Vivek Agarwal,32,141380,Good,3
Arjun Kumar,29,81741,Poor,1
Anjali Agarwal,60,110229,Average,1
Karan Nair,50,110567,Good,4
Sneha Bose,39,116951,Below Average,5
Vikas Mehta,58,135894,Excellent,1
Sneha Kumar,38,28861,Average,4
Priya Verma,41,127135,Below Average,3
Vikas Singh,37,48858,Average,3
Neha Reddy,49,76524,Excellent,2
Vikas Mehta,40,119041,Average,2
Rahul Agarwal,40,95007,Average,4
Simran Kumar,52,99264,Poor,2
Simran Gupta,33,144986,Excellent,1
Deepa Verma,36,72323,Good,1
Vivek Chopra,32,145671,Excellent,4
Simran Nair,54,97132,Good,3
Rahul Sharma,53,131450,Below Average,3
Ravi Das,22,25009,Excellent,1
Ravi Verma,45,83808,Average,5
Sanjay Nair,50,89885,Good,3
Pooja Kumar,23,146499,Average,2
Pooja Reddy,30,134892,Average,4
Arjun Kumar,42,95384,Average,2
Anjali Reddy,47,39357,Excellent,1
Neha Chopra,23,127086,Good,1
Pooja Yadav,56,117326,Good,4
Vivek Nair,28,138101,Average,1
Ravi Chopra,40,42057,Excellent,4
Rahul Agarwal,44,91240,Good,2
Vikas Yadav,42,46872,Below Average,1
Anjali Mehta,56,115971,Average,2
Vivek Gupta,29,37221,Below Average,2
Deepa Nair,55,54937,Good,5
Deepa Sharma,21,108239,Poor,2
Priya Verma,25,59918,Average,4
Sanjay Chopra,39,38276,Below Average,1
Ravi Das,32,58500,Excellent,4
Priya Chopra,53,35847,Poor,5
Pooja Reddy,34,111194,Poor,1
Sanjay Yadav,54,124317,Excellent,3
Vikas Mehta,59,133244,Average,4
Rahul Jain,21,117134,Poor,2
Sanjay Nair,60,135998,Below Average,1
Vikas Das,33,121946,Excellent,1
Karan Yadav,30,85502,Excellent,3
Karan Sharma,58,62689,Average,3
Ravi Sharma,41,121790,Good,4
Ravi Verma,41,114553,Below Average,3
Neha Verma,49,76498,Good,5
Amit Mehta,33,34215,Good,2
Anjali Mehta,53,123380,Average,3
Vivek Jain,34,147493,Poor,1
Simran Verma,31,70172,Excellent,4
Amit Patel,39,107793,Excellent,2
Neha Bose,51,70117,Below Average,2
Arjun Yadav,42,91922,Average,4
Amit Agarwal,39,71978,Good,4
Anjali Jain,26,138381,Poor,1
Pooja Sharma,39,144858,Excellent,3
Vikas Mehta,50,84655,Good,2
Rahul Patel,32,92321,Below Average,2
Rahul Chopra,52,61461,Below Average,2
Amit Jain,27,141183,Below Average,1
Sneha Sharma,38,52410,Poor,3
Sneha Das,26,92864,Good,5
Rahul Sharma,26,72672,Poor,5
Arjun Reddy,57,44990,Below Average,5
Pooja Mehta,25,77831,Excellent,2
Pooja Patel,47,74580,Good,5
Vivek Sharma,51,89038,Good,5
Vivek Agarwal,29,148901,Excellent,2
Sanjay Verma,28,124014,Poor,1
